,twoHundredDayAverage,averageDailyVolume10Day,fiftyDayAverage,averageVolume10days,beta,marketCap,priceToSalesTrailing12Months,fiftyTwoWeekHigh,forwardPE,fiftyTwoWeekLow,cluster
A,114.528275,1629150,122.97485,1629150,1.010834,38282256384,6.9226503,136.98,28.88276,68.14,3
AA,19.994532,7195425,26.984285,7195425,2.654205,6107601920,0.6577215,33.45,13.217741,5.71,2
AAL,15.898058,46267525,21.025429,46267525,1.858071,14667771904,0.84603864,26.09,88.192314,8.25,0
AAON,66.9605,180100,75.03714,180100,0.639219,3781918720,7.3499393,81.25,47.900665,43.84,4
AAP,159.27475,964112,170.18971,964112,1.330985,12274030592,1.2144905,188.17,16.845325,81.94,0
ABC,102.688705,1042775,108.797714,1042775,0.480498,24304744448,0.12493074,118.85,13.004381,80.0,1
ABCB,37.41626,670587,50.311714,670587,1.438786,3824867840,4.0774016,57.81,14.05115,17.12,0
ABG,139.14561,212862,174.26086,212862,1.68689,3851976704,0.54011285,201.06,12.915748,41.91,0
ABM,40.13597,520825,45.996,520825,1.337486,3521538560,0.6002179,55.48,16.454546,21.6,0
ABMD,294.20627,321462,311.858,321462,1.375406,13632623616,16.769636,387.4,61.26016,140.14,0
ACGL,33.53259,1749087,36.23057,1749087,0.847778,15628921856,1.8332454,38.81,10.538043,20.93,1
ACIA,80.49184,0,114.71586,0,0.647058,4899539968,8.9412565,115.0,35.600616,60.62,4
ACIW,35.049065,684875,39.845715,684875,1.212351,4476034048,3.4582074,43.23,28.946968,21.01,0
ADC,65.243744,1051825,65.606575,1051825,0.323401,4279098368,17.215,72.68,36.18817,54.94,4
ADM,51.292877,2882575,56.671143,2882575,0.872697,32337756160,0.50249016,59.12,14.550251,33.01,3
ADNT,30.745684,1411975,39.119144,1411975,3.350713,3939135232,0.31307703,48.65,8.519349,7.12,2
AEE,77.47676,1562362,74.84114,1562362,0.244312,20805697536,3.7555413,86.9,20.213398,65.9,1
AEIS,91.78245,343925,106.39114,343925,1.841278,4261621504,3.0099895,125.55,17.24379,41.78,0
AEO,20.094965,3920350,27.132856,3920350,1.430119,4866001920,1.2944548,30.99,15.86413,6.54,0
AES,22.86374,7804387,27.177713,7804387,0.874322,17584707584,1.820363,29.07,15.666667,11.0,1
AIMC,51.73453,396112,58.687428,396112,2.617551,3611428096,2.0923686,66.38,15.229508,15.15,2
AIT,74.50971,212012,87.48428,212012,1.517334,3597008128,1.1774294,95.8,20.676338,41.39,0
AJG,115.317696,1263487,122.113144,1263487,0.691224,24534880256,3.6177535,129.12,24.792898,73.66,1
AJRD,44.775394,880550,49.97543,880550,0.507583,3780227840,1.8238181,53.53,22.278303,32.15,4
AKAM,104.63295,1708362,100.00629,1708362,0.394366,16762693632,5.2413735,124.91,17.406778,88.75,1
ALB,133.2351,1025850,153.51514,1025850,1.58234,17554386944,5.610386,188.35,30.079998,52.69,0
ALE,59.72223,432812,65.908,432812,0.444745,3528648448,3.0182605,72.15,17.47287,48.22,4
ALGN,477.58023,712262,557.37054,712262,1.717226,41808973824,16.913418,634.46,46.18357,150.38,3
ALGT,178.78864,194087,242.39343,194087,1.786023,4111715584,4.1529417,271.29,17.478716,63.5,0
ALLE,110.137695,825800,115.36686,825800,1.132177,11500319744,4.2282143,126.9,24.096956,82.2,0
ALLK,110.853165,297725,125.13943,297725,1.00544,6115937280,,157.98,-24.976137,42.89,4
ALLY,34.317913,4667600,43.485428,4667600,1.558504,17103277056,2.758593,47.3,8.330909,11.905,0
ALNY,140.73381,531312,147.97543,531312,1.284398,15941522432,32.34539,178.41,-43.951614,98.01,1
ALRM,79.73903,320000,91.77657,320000,1.193932,4320497664,6.9910626,108.67,45.857895,35.5,0
ALXN,137.40964,2288737,153.222,2288737,1.24052,34048958464,5.609476,162.6,11.134076,83.54,3
AMBA,84.1,562500,113.596855,562500,1.397616,3456352256,15.500032,137.21,91.84111,43.69,0
AMCR,11.3444605,10213500,11.465714,10213500,0.439524,18400124928,1.4739556,12.4,17.323528,7.76,1
AME,114.18892,1102125,121.454,1102125,1.335319,29385455616,6.472526,127.52,27.263382,68.02,3
AMN,67.890076,323100,75.37457,323100,0.457746,3558353152,1.4865407,80.8,19.488373,36.65,4
AMP,190.83705,1193712,222.87714,1193712,1.697183,27118596096,2.2678204,236.44,10.668808,88.55,3
ANET,266.39734,616200,293.16885,616200,1.094799,23759736832,10.252261,326.6,27.61934,188.99,1
ANSS,341.19742,583250,348.758,583250,1.215059,29752395776,17.696096,413.19,44.772846,207.79,3
APH,61.893597,2521825,64.51014,2521825,1.273022,39837683712,4.6328816,69.1,27.704165,33.73,3
APLS,43.034927,877262,45.976856,877262,1.520872,3334775552,13.304723,58.47,-7.8135595,24.344,0
APPN,133.6356,882887,177.62943,882887,1.880983,9944113152,32.64936,260.0,-293.0417,30.68,0
APPS,52.95295,4573137,82.155426,4573137,2.448537,6765033472,26.236517,102.56,78.81251,3.71,2
APTV,122.55907,1815075,149.52856,1815075,2.197183,38037917696,2.9112136,160.14,28.18437,43.04,3
ARE,165.24857,785062,165.83629,785062,0.765438,23098380288,12.147905,179.79,57.86986,127.42,1
ARNA,75.40856,598250,77.26143,598250,0.732936,4217388544,13220.653,90.19,-9.523161,39.92,4
ARWR,67.11004,955500,77.258286,955500,1.387323,6533706240,81.83493,92.6,-116.57407,25.79,0
ASGN,82.09971,267725,95.25486,267725,2.192307,5115559936,1.2948818,102.78,16.756943,30.15,2
ATKR,42.499855,516775,67.962,516775,2.50494,3365858816,1.8402175,75.6,14.351889,17.32,2
ATO,93.70957,939012,91.23143,939012,0.363488,12462374912,4.3573914,111.34,18.007406,84.59,4
ATRC,50.499138,426050,63.991142,426050,1.019501,2889328384,13.989804,68.0,-73.72093,30.38,4
AUB,31.234676,397862,37.844856,397862,1.404658,3119492608,5.2022495,41.84,13.527397,18.55,0
AVB,164.3813,867512,181.81372,867512,0.983206,26387347456,11.460174,195.46,59.6593,130.27,1
AVLR,153.63115,753850,153.45143,753850,0.75041,10674920448,21.325573,185.37,2082.6667,61.63,4
AVNT,38.03698,838250,46.038,838250,1.653304,4483419136,1.3828751,51.94,,16.7,0
AVY,152.49734,540600,177.89485,540600,0.995666,15245702144,2.186861,186.77,21.353487,93.29,1
AWK,151.52065,1288512,147.21257,1288512,0.207475,26548156416,7.0289006,172.56,31.808699,110.56,1
AXON,128.65439,459675,159.8563,459675,0.510834,8790683648,12.908436,212.37,73.70054,60.55,4
AZO,1191.7035,300775,1238.6191,300775,0.888949,31154083840,2.326608,1424.01,16.41391,757.18,3
AZPN,135.81036,408287,151.42743,408287,1.331527,9829493760,14.429313,162.56,28.081394,86.18,0
BAH,84.57698,989837,79.671425,989837,0.757854,10983431168,1.3992871,100.26,19.54902,66.53,4
BAND,160.55525,522525,149.79185,522525,0.538172,2873531392,8.374884,198.605,216.8868,61.76,4
BBBY,22.805107,3407487,28.510857,3407487,1.907367,3546750976,0.36486545,53.9,22.0,3.43,0
BBY,111.26856,3505487,112.54657,3505487,1.504875,29820366848,0.6309586,124.89,14.944862,51.71,3
BCO,63.571365,396987,78.089714,396987,1.601841,3949450240,1.0700507,84.72,14.234767,33.17,0
BCPC,110.94928,130837,122.852,130837,0.555796,4155348224,5.9054694,132.5,32.558376,79.75,4
BG,63.39331,1054975,77.52029,1054975,0.721018,11173881856,0.26987445,82.33,12.368175,32.68,4
BHVN,80.7054,957050,79.64514,957050,1.079775,4300401152,67.58768,100.77,-11.947935,28.255,4
BIO,571.9623,179962,592.75885,179962,0.80065,17271490560,6.784771,689.0,46.510452,322.14,1
BJ,40.799927,1982900,42.260857,1982900,0.413136,6270404096,0.40637702,50.18,15.755172,24.5,4
BKH,59.95619,496225,62.950855,496225,0.336403,4192927232,2.4708738,70.8,16.38575,51.97,4
BKI,85.86424,931287,78.244,931287,0.774913,11734910976,9.4751,97.19,29.935999,56.385,4
BKR,19.332445,10188662,23.45543,10188662,1.80065,23242536960,1.1225568,25.64,,9.44,3
BKU,32.94957,898725,43.31457,898725,1.402491,4195509504,5.9380393,50.71,13.288235,13.47,0
BL,114.14021,599000,122.07529,599000,0.939006,6278492672,17.849964,154.61,159.77942,47.58,4
BLD,185.64755,323862,204.134,323862,1.53196,7075250688,2.6030726,224.89,18.768423,59.09,0
BLDR,37.8541,2690825,43.773144,2690825,2.581256,9623859200,1.1244305,47.74,15.136364,10.58,2
BLKB,61.358418,437125,72.02286,437125,1.158179,3543937536,3.8807094,80.0,24.914965,45.77,0
BLL,89.19309,2956587,86.13257,2956587,0.422535,27587237888,2.341672,102.76,21.396946,59.79,1
BMI,86.727196,274662,102.262856,274662,0.798483,2801731328,6.583882,111.77,47.564358,47.0,4
BMRN,80.05367,1301325,80.04429,1301325,0.586132,13724528640,7.376974,131.95,71.20756,71.35,4
BPMC,100.0782,406162,99.218285,406162,0.733477,5602761216,7.0587306,125.61,-18.413334,55.281,4
BR,144.47906,588912,145.35944,588912,0.872156,17768198144,3.7933002,158.36,25.446102,90.08,1
BRKS,67.89741,974525,83.360855,974525,1.933369,6083079168,6.497101,91.78,35.327587,26.22,0
BRO,45.802013,1444475,45.849144,1444475,0.676598,13094218752,5.015858,48.76,23.4467,33.24,4
BURL,240.66216,793512,280.6317,793512,0.915492,19519905792,3.3919778,321.86,31.719524,137.65,1
BWA,41.005898,3042837,46.063427,3042837,1.632177,10932820992,1.0755358,50.6,9.489627,21.15,0
BXMT,26.514677,1039350,30.272285,1039350,1.369989,4740569600,17.921133,32.65,13.105692,14.9,0
BXP,91.935036,999112,101.013145,999112,1.263813,16682148864,6.093259,110.36,35.809364,69.69,1
BXS,26.890575,577362,31.72,577362,1.299566,3432482048,3.6458714,35.59,13.875518,17.21,0
BYD,43.020576,1169100,58.563427,1169100,2.259479,6721497600,3.0853927,66.62,22.80228,10.89,2
CABO,1947.3042,65975,1910.1812,65975,0.536294,10874921984,8.20607,2326.8,33.5833,1482.05,4
CAG,35.66885,3705225,35.741714,3705225,0.827193,18810292224,1.6332632,39.34,14.864865,27.69,1
CAH,52.57475,2098775,54.739716,2098775,1.02871,18166302720,0.11611423,61.9,9.945338,44.58,1
CAR,41.032085,1855087,57.669144,1855087,2.231852,4819111936,0.8920978,72.4,18.110237,9.44,2
CATY,31.310575,559387,40.34257,559387,1.513001,3330690560,6.1974406,45.19,12.248538,20.59,0
CBOE,91.9428,762112,98.802284,762112,0.653304,10476561408,3.0569758,107.12,20.106997,77.63,4
CBRE,61.167625,1554187,74.96057,1554187,1.523835,26542364672,1.1139994,82.05,19.012018,33.03,3
CBRL,137.54301,309050,159.74257,309050,1.459913,4081428992,1.8129758,175.0,21.1599,67.32,0
CBU,64.96482,289875,74.482574,289875,0.715059,4286962176,7.3635235,82.53,26.754208,49.6,4
CCK,91.69374,1081600,97.27114,1081600,1.145178,13218677760,1.1420023,101.95,12.909091,51.46,1
CCL,19.917555,43950962,25.650286,43950962,2.368364,30145427456,5.388886,30.12,162.875,7.8,3
CCMP,155.42194,195687,169.782,195687,1.178764,5176505856,4.617799,183.0,22.296482,97.13,0
CCXI,58.009495,493175,60.52086,493175,1.400325,3541228288,54.57195,70.29,-137.48648,37.13,0
CDAY,92.20971,1095062,89.69886,1095062,1.403343,12439445504,14.764921,111.93,130.60938,38.9,0
CDLX,113.05662,428412,135.58885,428412,2.651416,3180475136,17.017717,161.47,-599.8948,28.57,2
CDNA,63.492016,864212,75.764854,864212,0.66468,3187614208,16.5854,99.83,91.80596,18.61,4
CDNS,122.5877,1815650,133.66885,1815650,1.063921,36986376192,13.7860155,149.08,39.813816,62.38,3
CDW,136.03093,961162,157.38715,961162,1.093716,23672389632,1.2818406,168.03,21.388535,85.78,1
CE,127.52504,925137,140.72115,925137,1.229685,17433380864,3.082826,155.62,13.731115,66.53,1
CERN,74.15029,2752025,72.24229,2752025,0.716684,22184876032,4.0293736,84.2,20.402817,59.61,1
CFG,34.94295,8151050,43.354286,8151050,1.788732,19134019584,3.6177008,47.56,11.366161,16.58,0
CGNX,75.92539,1020725,82.901146,1020725,1.647345,14457294848,17.826063,101.82,49.313255,40.08,0
CHD,86.79777,1928950,81.96229,1928950,0.361863,21408436224,4.372817,98.96,26.631098,61.89,1
CHDN,195.47467,287800,230.12343,287800,1.408992,8977459200,8.517513,258.32,28.91439,76.5,0
CHGG,84.87949,1416337,95.60743,1416337,0.854821,11975950336,18.586441,115.21,41.81373,32.53,4
CHRW,95.23072,1055525,92.84371,1055525,0.72481,12812572672,0.7905528,106.75,20.787233,61.94,4
CHX,14.258417,1983562,20.953571,1983562,3.448054,4452305408,2.3433235,25.59,,5.25,2
CINF,86.005684,1217300,100.106285,1217300,0.637594,17036422144,2.2606716,108.99,25.248209,46.07,1
CIT,35.235683,1236000,48.04114,1236000,1.517876,5182164992,3.2051985,54.68,12.742719,12.31,0
CLDR,12.9119425,5607550,15.320286,5607550,1.215072,3534670080,4.066307,19.35,23.784315,7.19,0
CLF,12.188058,14958525,15.945714,14958525,2.292524,8266889216,1.5440586,18.77,11.506944,3.3,2
CLNY,4.4922304,2996850,6.0585713,2996850,1.993945,3070661120,2.434959,7.003,-24.92,1.33,0
CLX,201.48195,1654862,186.39285,1654862,0.178223,23931738112,3.1807203,239.87,23.34356,170.69,1
CMC,22.24374,1781612,26.499714,1781612,1.311484,3824987392,0.6824378,31.82,15.114286,13.05,0
CMD,65.273094,499025,76.473145,499025,1.55092,3402509568,3.2057683,89.1,24.845678,26.19,0
CMG,1361.9799,257762,1452.5254,257762,1.306608,40681734144,6.797698,1564.91,47.455025,599.78,3
CMI,232.90698,1175900,256.982,1175900,1.137594,38748413952,1.955904,277.09,15.875379,127.3,3
CMS,60.12604,2713512,56.81286,2713512,0.154929,17634725888,2.639929,67.98,19.911766,52.35,1
CNMD,103.49079,279987,122.63571,279987,1.521668,3739988736,4.336425,129.38,35.99443,49.54,0
CNNE,39.99036,662925,39.41257,662925,0.670552,3635806720,6.207627,46.57,-198.34999,26.41,4
CNO,21.305037,1420787,24.463428,1420787,1.438244,3366099968,0.88092434,26.64,11.111111,10.39,0
CNX,11.522086,5027925,13.849428,5027925,1.685265,3434994176,3.1638987,15.85,15.019231,4.55,0
COLB,35.493526,470725,45.656857,470725,0.945287,3231373568,6.132674,50.68,20.411764,19.11,4
COO,357.14035,319612,384.3937,319612,0.836944,18866649088,7.6531916,401.92,26.58241,264.01,1
COUP,307.29953,2119650,311.0017,2119650,1.551893,17921689600,33.087643,377.042,409.99997,120.0,1
CPRT,113.510284,1437462,111.292,1437462,1.017876,25387534336,11.105707,130.96,30.00838,61.51,1
CREE,91.52158,1764737,112.424,1764737,1.528169,12388192256,13.795315,129.9,-275.64102,31.08,0
CRL,252.06561,300025,284.008,300025,1.098049,14337537024,4.903511,303.79,27.803091,116.42,1
CROX,63.20489,1243212,78.848854,1243212,1.738353,5271184384,3.8032978,86.4,18.432495,13.51,0
CSGP,866.0479,269975,844.41315,269975,0.888407,32177408000,19.395443,952.76,57.0559,520.17,3
CSOD,42.604244,752825,48.381714,752825,1.384615,2859803392,3.8598216,55.5,17.295277,27.69,0
CTAS,340.7579,450237,341.75772,450237,1.492416,36407566336,5.2762585,369.2,33.981373,158.89,3
CTB,41.35993,713387,52.725716,713387,1.650595,2818951936,1.1181552,59.02,12.967518,15.46,0
CTLT,101.61057,1790075,110.71114,1790075,1.478331,17584449536,5.075317,127.68,31.882717,47.01,1
CTXS,130.99518,1261500,134.928,1261500,0.181473,16801801216,5.1910286,173.56,18.590477,111.26,1
CVET,29.390612,846612,34.18257,846612,2.209844,4168560384,0.96071917,40.775,28.858492,6.26,2
CVNA,244.13928,1502712,280.65085,1502712,2.492728,44615598080,7.986231,323.39,-315.85367,44.001,3
CWST,59.21259,225400,61.667713,225400,0.949079,3381620736,4.365725,66.2,67.54082,35.18,4
CZR,70.53568,9363962,88.64571,9363962,3.219393,18230484992,5.2598057,106.2,291.76666,9.57,2
DAL,38.98043,12763625,46.826286,12763625,1.48104,30414086144,1.7791218,52.28,12.2835045,17.51,3
DAN,18.836187,1310900,24.096285,1310900,2.64247,3554092288,0.5001537,27.47,8.032787,6.5,2
DAR,54.784317,1495950,70.65228,1495950,1.253521,12063459328,3.3773012,79.65,17.31616,16.96,0
DDD,18.303957,3981750,35.42943,3981750,1.518418,3351482880,6.0144334,56.5,77.14286,4.6,0
DECK,281.86554,308475,325.35458,308475,0.801191,9404238848,3.9859228,345.0,23.231733,118.44,4
DFS,80.53576,3646137,95.85057,3646137,1.793607,29703211008,4.9887824,104.49,9.225499,27.51,3
DGX,121.180214,1105237,121.32686,1105237,1.017876,17247725568,1.8276705,134.71,16.134832,73.02,1
DHI,74.85928,3285962,80.996284,3285962,1.63001,32678625280,1.4704337,89.98,8.904856,31.2,3
DIOD,68.82259,659725,80.88543,659725,1.101841,3562591232,2.8982654,91.02,20.788113,37.62,4
DISCK,30.425972,16155962,49.598,16155962,1.54117,18592110592,1.7423027,66.7,10.963414,16.1,1
DLTR,101.793236,1948725,106.573425,1948725,0.828819,26701027328,1.0467174,115.45,16.74817,68.43,1
DNLI,60.341656,514075,63.59257,514075,2.028225,6684365824,19.914156,93.94,-27.625,15.72,0
DOC,17.838058,2610750,17.808287,2610750,0.778981,3799007744,8.708367,20.13,47.473686,12.33,4
DOCU,226.06148,2801362,228.17343,2801362,0.857889,38626263040,26.582941,290.23,107.42554,78.72,3
DOV,121.094536,805637,128.55,805637,1.316901,20125591552,3.0111182,140.1,19.957203,76.83,1
DPZ,384.09488,643450,362.66885,643450,0.416034,14427540480,3.5040321,435.58,25.090418,310.34,4
DRE,39.268993,2176512,40.72114,2176512,0.516251,16012136448,15.943261,43.45,60.33803,28.71,1
DRI,115.321075,3104912,136.96742,3104912,1.534669,19416264704,3.1382358,149.12,22.504532,43.11,1
DTE,122.44324,1014362,124.311714,1014362,0.618634,25812187136,2.1197493,135.6,18.42877,85.53,1
DVN,15.4051075,13026687,22.081429,13026687,3.477248,15306294272,3.3991325,26.13,9.435684,5.46,2
EAT,56.02079,940737,70.72914,940737,2.777356,3323587840,1.136658,78.33,16.845621,9.8,2
EBS,97.67842,543137,100.744286,543137,1.184182,5038449152,3.2393272,137.61,17.376839,50.65,0
ED,74.13316,3255850,70.21686,3255850,0.151679,25489672192,2.0814693,90.0,16.43267,65.56,1
EFX,170.3967,613500,173.33057,613500,1.325027,22342197248,5.4130096,196.47,23.130545,105.66,1
EGHT,26.240145,948775,34.036,948775,1.033044,3511567360,6.8975577,39.17,544.5,12.32,4
EGP,137.99568,227587,141.30885,227587,0.726435,5824012288,16.043095,153.26,52.25979,90.39,4
EIX,58.46777,2471937,57.591427,2471937,0.6013,23017865216,1.6952323,66.68,12.910639,48.33,1
ELAN,30.23892,5767025,31.050285,5767025,0.886684,13167479808,4.0226927,34.81,21.098484,18.37,1
ELS,61.987988,1007575,62.46143,1007575,0.483748,11705483264,10.671938,68.52,43.68027,50.24,4
EME,86.92669,333412,102.648,333412,1.204767,6144353792,0.6984553,115.59,16.250725,52.95,0
EMN,97.69878,1373687,111.436,1373687,1.562296,15382623232,1.8154873,119.01,13.4463005,43.77,0
ENPH,142.61353,3554412,170.416,3554412,1.219393,20426500096,26.376343,229.04,55.500004,27.55,1
ENS,82.53813,344387,93.75028,344387,1.481581,3999771648,1.3576055,104.47,17.224264,41.43,0
ENSG,72.85849,401100,86.183716,401100,1.030877,5257897472,2.1884234,96.71,25.297367,28.69,4
ENTG,91.359856,682912,102.57486,682912,1.292524,14881337344,8.003675,114.0,32.361763,40.54,1
ENV,79.0987,569537,74.614,569537,1.401408,4026327296,4.0334663,92.51,31.525425,45.53,0
EPAM,345.18152,275062,374.7103,275062,1.355904,21783037952,8.19072,402.62,41.73735,158.83,1
EQH,25.023525,3899950,30.14,3899950,1.670727,13872108544,1.4462165,33.69,5.238487,12.57,0
EQR,60.112015,3015325,69.381714,3015325,0.768689,27085148160,10.5319805,76.13,71.960396,45.43,1
ES,86.41187,1956900,82.46,1956900,0.321776,29426229248,3.3046732,96.66,20.772396,73.61,1
ESNT,42.910145,1152862,43.601715,1152862,1.28169,5012397056,5.247737,49.53,7.281967,20.9,0
ESS,239.80576,439300,271.05542,439300,0.764897,18479886336,11.8695,294.79,64.038284,186.3,1
ETR,99.59647,1658487,93.66628,1658487,0.518959,19735250944,1.9513507,113.36,15.675159,82.81,1
ETSY,170.82266,3678762,216.64485,3678762,1.617551,25502234624,14.77855,251.86,52.55065,33.96,3
EVRG,54.52108,2040425,56.061142,2040425,0.375406,13424365568,2.732195,65.43,16.945559,48.61,4
EWBC,51.912807,1454812,72.62171,1454812,1.890032,10501291008,7.8838224,82.53,14.265386,22.55,0
EXAS,123.122734,1786750,135.26228,1786750,1.455037,21305716736,14.285803,159.54,-50.199203,53.66,1
EXLS,79.77158,249200,85.84314,249200,0.97183,3177743872,3.3155584,94.95,21.772936,45.79,4
EXPD,92.896545,1079975,97.288574,1079975,0.770314,18185213952,1.797583,107.88,25.011602,63.86,1
EXPE,127.26244,3929125,163.15486,3929125,1.75027,25384976384,4.882665,187.93,31.285461,46.15,3
EXPI,37.62806,2116200,58.97186,2116200,3.170097,6680103424,3.7147079,90.0,66.58333,3.45,2
EXPO,84.911224,246962,95.63286,246962,0.360238,5003220992,13.221623,100.94,51.64706,61.47,4
EXR,115.97813,1010925,125.183716,1010925,0.207475,17718398976,12.85271,134.52,30.90676,80.86,1
EYE,44.613525,941800,47.491714,941800,1.758753,3689121024,2.1551626,52.61,42.801888,15.37,0
F,9.453094,73427087,12.156285,73427087,1.208559,48937889792,0.3849013,13.62,7.834395,4.17,3
FANG,49.31144,3705500,74.120285,3705500,2.710725,13698739200,5.128693,88.75,8.487122,22.0,2
FAST,47.02108,4512075,47.137714,4512075,1.251895,29038682112,5.142047,51.89,29.39535,29.92,3
FATE,73.446976,1191575,93.46257,1191575,1.654387,6767410688,215.28952,121.16,-33.253456,19.81,0
FBHS,86.339714,943412,88.227715,943412,1.631635,13010847744,2.136323,94.12,17.027174,35.21,0
FCEL,10.352518,26143887,18.093143,26143887,5.286023,4275408384,61.530834,29.44,-78.0,1.26,2
FCX,25.049713,30034837,34.377716,30034837,2.252979,48121597952,3.3893223,39.1,11.32646,5.99,3
FDS,324.89447,275325,312.9263,275325,0.754062,12366592000,8.159218,363.64,27.61832,248.86,4
FE,30.918129,4443725,33.596,4443725,0.225893,18615977984,1.7550654,46.36,13.030417,22.85,1
FELE,68.72244,258575,76.63943,258575,1.027627,3691157760,2.959245,82.14,27.003391,41.37,4
FFIN,36.66899,871087,45.94743,871087,0.924702,6925654528,14.725942,51.6,35.021584,23.44,4
FFIV,166.67755,662087,197.8283,662087,1.112134,12973794304,5.391967,213.8,18.017122,101.42,1
FGEN,42.620827,971437,42.318287,971437,1.354821,2921695488,16.570507,57.209,-16.53368,30.77,0
FICO,464.15244,238862,466.81287,238862,1.241603,14410766336,11.013431,530.95,38.32893,259.37,1
FITB,28.265467,9785837,35.82,9785837,1.579631,27332491264,4.1716256,40.46,12.440129,13.15,3
FIVE,162.55173,1026962,191.42943,1026962,1.28494,11190402048,5.703171,205.28,39.207844,59.3,0
FIVN,156.6218,629187,172.10114,629187,0.497291,10452938752,24.034828,201.75,145.19444,71.68,4
FLT,260.39044,562450,276.85257,562450,1.505417,23228102656,9.72353,292.7,19.085674,169.14,1
FMC,110.66238,803325,107.79943,803325,0.978873,14734238720,3.1740458,123.66,14.150497,70.5,1
FN,74.951584,217575,88.657715,217575,1.083423,3348596992,1.9619279,94.25,18.236948,48.14,4
FNF,36.575035,3323700,39.79286,3323700,1.328819,11932064768,1.1032885,42.64,8.71915,23.12,0
FOLD,17.688417,3823800,12.1851425,3823800,1.384615,2534790400,9.7160845,25.39,-23.975,8.63,0
FORM,38.570072,556225,45.579144,556225,1.400325,3529845760,5.089049,52.39,25.942858,17.16,0
FOXA,30.81349,5430337,37.437572,5430337,1.261949,21904949248,1.7299755,44.8,14.651163,21.81,1
FOXF,104.961006,256687,133.48514,256687,1.751895,5434880512,6.1028085,144.255,31.146284,34.58,0
FRC,140.50345,991025,166.51514,991025,1.108884,29635121152,7.8823223,180.35,23.33196,78.31,3
FRPT,135.45712,304000,154.47429,304000,0.699891,6620573184,20.767818,173.52,172.4382,58.97,4
FTNT,140.31424,1410625,171.97285,1410625,1.081256,29826420736,11.496462,193.84,43.004707,96.01,3
FTV,67.72164,1995350,68.25486,1995350,1.221366,24091082752,5.198318,74.255,25.725634,40.97908,1
FUL,52.791294,516225,58.51857,516225,1.794149,3321385728,1.1574349,64.06,16.348717,25.38,0
GATX,81.910866,371987,95.95743,371987,1.040628,3293468416,2.7236755,101.34,18.474207,51.3,4
GBCI,45.08784,609625,57.059715,609625,1.016251,5744397312,7.891111,67.35,23.681103,30.05,4
GDDY,78.93791,1969712,79.886856,1969712,0.965872,13119738880,3.9556606,93.745,38.0,50.63,1
GGG,67.76446,1122112,69.616,1122112,0.589382,12152785920,7.364812,76.98,29.367346,41.79,4
GH,128.81122,771125,150.91315,771125,0.503119,13614888960,47.48331,181.07,-44.742577,59.15,4
GKOS,71.81705,369850,90.44143,369850,1.690682,3918383104,17.41821,99.0,-161.47171,27.58,0
GLW,36.19863,6283000,38.958286,6283000,1.197183,33389410304,2.9540308,43.49,19.821917,17.82,3
GME,55.153885,23697375,133.25371,23697375,-2.065005,12658379776,2.4870093,483.0,-548.4848,2.57,4
GNRC,243.98906,2508387,317.82513,2508387,0.944745,19866718208,7.9940124,364.0,33.76496,81.22,1
GPC,101.24201,1030562,109.234856,1030562,1.126218,17119212544,1.0351795,119.07,19.24513,57.87,1
GRMN,114.62496,724912,126.53,724912,1.014084,24591970304,5.8740096,133.43,22.325216,70.21,1
GT,11.667625,4536687,16.405144,4536687,2.255146,4022087424,0.32644162,19.38,10.700001,5.33,2
GTLS,111.817696,322187,146.76686,322187,1.817443,5059198464,4.298019,166.14,27.375244,22.96,0
GWW,384.93423,334725,386.30457,334725,1.198808,20903424000,1.7719271,427.9,18.882742,233.85,1
HAL,17.540863,12456300,21.768572,12456300,2.926868,19363313664,1.3404856,24.74,17.02344,6.03,2
HALO,38.9959,1346075,45.53486,1346075,1.482665,5601779200,20.933874,56.4,15.567669,15.89,0
HAS,90.06993,1038562,94.123146,1038562,0.973456,13529171968,2.4754026,101.24,19.313726,60.2,1
HASI,53.6918,1056900,57.35,1056900,1.843445,4247527680,50.18998,72.42,30.021976,16.25,0
HBAN,12.621583,13907387,15.576285,13907387,1.412242,16440031232,4.3688626,16.91,11.652174,6.82,1
HELE,213.04526,379400,222.946,379400,0.890032,5232899072,2.575513,265.97,18.20883,121.72,4
HES,52.650864,2528475,66.68229,2528475,2.263271,22201300992,4.886925,76.24,36.34171,29.83,2
HGV,29.663166,925550,38.34257,925550,2.310688,3163612160,4.1791444,42.94,12.111112,12.787,2
HI,38.490143,583725,47.730286,583725,1.558504,3673079296,1.3899491,52.84,13.670391,16.38,0
HIG,46.69741,8383837,55.419716,8383837,1.04442,24203696128,1.1810137,69.6,10.866774,30.27,1
HL,5.6671944,9520987,6.2805715,9520987,2.29144,3179016704,4.594798,8.45,22.0,1.66,2
HLI,65.07971,410750,66.424,410750,0.665763,4655584768,3.5095274,73.26,17.40206,46.61,4
HLNE,76.23158,205062,87.674,205062,0.868527,4566633472,14.465564,97.48,35.295082,48.1,4
HLT,104.531654,2593025,120.19943,2593025,1.317443,33623881728,21.014927,128.92,31.790028,53.7,3
HMSY,32.3541,1032337,36.791714,1032337,0.820151,3283989504,4.877577,37.22,24.606667,23.12,4
HOLX,71.90072,1743350,74.89943,1743350,1.202058,18917543936,4.17081,85.0,14.742971,32.0,1
HOMB,20.207338,1005775,25.605715,1005775,1.507583,4560023040,7.834055,29.21,16.709091,10.79,0
HPE,11.71187,11695275,14.716857,11695275,1.38624,20831410176,0.7753819,16.14,8.382199,8.285,1
HPQ,23.412374,16303950,28.881714,16303950,1.054712,39467352064,0.68440104,31.69,9.366863,13.39,3
HQY,67.939926,911087,78.53714,911087,1.454496,5804259840,7.9123464,93.32,42.424244,40.555,0
HR,29.944101,1398275,30.153143,1398275,0.56663,4378610688,8.777198,34.01,106.75862,24.47,4
HRL,48.193813,2125637,47.87257,2125637,-0.053087,25878489088,2.6719692,52.97,25.620321,43.45,1
HST,13.811511,7787800,16.368,7787800,1.439328,12125224960,7.6259274,18.45,573.00006,8.83,0
HSY,148.09317,900450,151.10315,900450,0.316359,32995330048,4.0486465,159.29,22.306725,125.5,1
HUBS,379.71014,658650,473.23428,658650,1.716684,20385171456,23.085585,547.47,193.81058,110.575,1
HWC,31.122519,612387,40.51743,612387,1.640303,3753879808,5.685939,47.37,11.498645,14.88,0
HWM,24.313885,3438850,29.785429,3438850,1.755813,13871343616,2.637639,32.96,,9.87,0
HZNP,78.74921,2433175,88.489716,2433175,1.082881,18604865536,8.455108,96.54,16.470238,27.39,1
IDXX,460.68195,542487,509.01544,542487,0.890032,41023320064,15.156465,573.99,55.324883,226.02,3
IEX,192.18597,461375,198.35829,461375,1.092091,15681317888,6.6682305,211.71,31.924267,127.48,1
IFF,120.239426,2029300,135.64543,2029300,1.00325,34967982080,6.8777223,143.09,21.453436,96.8,3
IIPR,164.31964,487562,193.67372,487562,1.542042,4229452032,36.181324,222.082,26.462576,64.675,0
IIVI,66.59626,3559812,80.11057,3559812,1.559588,7390959616,2.5592105,100.44,16.52225,23.9,0
INCY,86.38475,1567575,81.1,1567575,0.770314,17972246528,6.739503,110.37,17.888401,69.25,1
INDB,71.331154,215587,87.24972,215587,1.039544,2873930240,6.7521005,99.85,21.76,49.25,4
INFO,87.45446,2068187,93.003426,2068187,1.010292,41768443904,9.653202,101.45,28.00284,57.495,3
INSM,36.779568,961250,38.84086,961250,2.289274,3570440192,21.71629,45.44,-13.125,13.77,2
INSP,179.66331,242812,218.83344,242812,1.698477,5414001152,46.922813,252.25,-149.2154,46.08,0
INVH,29.165253,3213650,30.166,3213650,0.796602,18321205248,10.050979,32.32,87.297295,18.87,1
IP,48.04705,3732225,51.545715,3732225,1.076381,21664677888,1.0527054,56.98,12.553532,29.16,1
IPG,22.722086,5425175,27.320858,5425175,1.018418,11110883328,1.3777523,30.43,13.28972,13.38,4
IQV,175.02965,792700,189.496,792700,1.392199,36984184832,3.2559369,199.99,20.91757,98.01,3
IR,42.652447,2175750,46.94057,2175750,1.555843,20816807936,4.2395034,51.61,23.12093,22.18,1
IRBT,94.29626,483637,121.236855,483637,1.369447,3179448576,2.2227843,197.4,21.47619,37.01,0
IRDM,36.083958,1075062,42.241714,1075062,1.175514,5120096768,8.77572,54.65,953.25006,19.18,0
IRTC,207.94957,473525,151.41142,473525,1.725528,3977227776,14.999011,286.19,-120.69911,70.63,0
ISBC,10.476763,3187912,13.689143,3187912,1.135427,3643995648,4.8844113,15.34,11.15909,6.74,0
IT,154.3859,689225,181.89258,689225,1.617009,16488003584,4.02205,191.66,35.601532,88.81,0
ITGR,74.84691,213050,87.664856,213050,1.294149,3075547136,2.8651266,96.32,20.691795,50.72,0
ITRI,83.977486,909075,100.876,909075,1.247562,4025758208,1.8523287,122.31,27.118542,50.59,0
J,106.33684,567087,118.31,567087,0.90845,16731660288,1.2312866,128.74,,69.17,1
JBHT,139.57274,572937,153.08629,572937,1.033586,17642164224,1.8307508,167.11,23.148403,88.03,1
JBT,114.21906,196150,137.03943,196150,1.62676,4299374592,2.4883518,151.64,25.957855,56.17,0
JCI,48.348347,5574775,57.298,5574775,1.114301,43095076864,1.9515929,62.4,20.335594,24.66,3
JCOM,91.930504,456350,113.526,456350,0.964788,5391550976,3.6194794,124.82,11.912175,53.25,4
JKHY,156.2844,564937,150.64828,564937,0.573672,11806435328,6.887817,200.98,34.9527,141.65,4
K,62.074677,3417550,59.239143,3417550,0.639761,21684017152,1.5747288,72.88,15.278177,56.61,1
KBH,38.270863,2141675,42.979427,2141675,1.831527,4644994560,1.0932031,47.37,7.330734,15.37,0
KBR,28.182087,2265387,32.196,2265387,1.358613,5223903744,0.90582687,37.13,15.64979,16.64,0
KEY,16.239569,14782262,20.15257,14782262,1.546587,19345168384,3.4148576,21.81,11.010928,8.96,1
KEYS,123.96669,936100,140.41028,936100,0.954496,26446487552,6.141776,155.5,22.462875,78.96,1
KFY,43.559566,418662,60.44486,418662,1.635427,3361923328,1.9830086,66.3,19.575472,22.18,0
KKR,40.224606,2251462,47.24057,2251462,1.404658,27948337152,3.2840583,49.79,16.04967,21.12,3
KLAC,254.8574,1906512,306.23172,1906512,1.265438,49294757888,8.116973,342.21,22.34218,125.56,3
KMT,35.759712,659187,38.940285,659187,2.102383,3380580608,1.9851332,42.92,26.450981,17.34,0
KMX,106.024895,1003387,126.52371,1003387,1.659263,21749610496,1.0938916,136.43,23.393356,47.06,1
KNSL,200.61226,157212,176.188,157212,0.821777,3823148032,8.3132515,252.695,36.181038,97.835,4
KOD,115.41784,325300,131.72858,325300,1.471927,5951721984,,171.21,-18.435816,41.08,0
KR,33.219425,9612662,34.35,9612662,0.304983,28183109632,0.21270593,42.99,12.927083,29.1,1
KSU,198.81093,2920512,218.10342,2920512,1.008125,23063341056,8.760671,260.29,23.949007,115.9,1
KTOS,24.204245,1541100,27.955143,1541100,0.973997,3212507392,4.2965193,34.11,47.30909,12.78,4
KWR,238.28726,106575,266.71573,106575,1.544962,4205438976,2.9664295,301.99,28.448069,108.14,0
L,43.065754,1553275,49.912285,1553275,0.903575,13894867968,1.107249,53.29,18.15862,27.33,1
LAD,303.6961,344750,380.558,344750,1.797941,10140768256,0.77267116,417.98,15.753647,64.77,0
LANC,176.73763,103437,180.93971,103437,0.199349,5060199936,3.703121,188.25,29.155554,116.87,4
LB,41.189064,3812662,54.498573,3812662,1.74052,17174942720,1.4497293,64.12,13.218884,8.8,0
LBRDK,150.40831,1181300,151.42328,1181300,1.036836,29875552256,589.19165,165.23,25.336077,105.15,3
LCII,128.13504,147412,141.604,147412,1.639219,3311440640,1.1842791,154.78,13.753396,55.29,0
LDOS,97.28942,879862,97.55286,879862,0.973456,13597485056,1.1057563,113.75,13.47339,79.15,1
LEN,81.064674,3863687,89.975716,3863687,1.500541,31351457792,1.3450375,103.79,9.134103,32.41,3
LH,211.909,696225,239.48058,696225,1.040628,24678160384,1.7654369,254.91,16.344538,110.4,1
LHCG,206.77274,205987,194.18372,205987,0.350487,6180792832,2.9957256,236.81,29.025225,116.26,4
LIVN,60.735214,365100,74.77515,365100,0.828277,3697931776,3.9582202,83.2,34.857796,39.49,4
LKQ,35.756836,1669737,40.490856,1669737,1.688515,12928241664,1.1117406,44.88,13.87987,17.09,0
LNC,46.516113,1929537,58.05057,1929537,2.230227,11928269824,0.6839996,67.37,5.780465,22.65,2
LNG,59.16187,1576750,70.629715,1576750,1.535211,18773823488,2.0202115,77.11,13.971698,30.58,1
LNT,51.723164,2213075,49.613716,2213075,0.325568,13486077952,3.947915,58.1,19.69708,43.61,4
LPLA,103.848564,682662,135.55457,682662,1.321776,11322672128,1.9283662,147.69,16.516317,47.57,0
LPSN,58.521584,676075,60.618572,676075,1.241603,3524095232,9.612392,72.23,866.50006,19.73,0
LPX,37.917915,1617200,48.588287,1617200,1.819609,5971902976,2.1420026,56.82,13.942786,13.41,0
LSCC,39.767483,1105600,45.40143,1105600,0.995666,6072984064,14.880388,51.5,42.01887,16.42,4
LULU,335.8489,1158825,317.222,1158825,1.350487,40926130176,10.056003,399.9,46.726192,177.77,3
LUMN,10.996403,12575525,13.003715,12575525,1.100216,14434546688,0.6969171,16.6,,8.51,1
LUV,46.73115,7670725,56.87057,7670725,1.258938,36202655744,4.0011773,62.76,21.734043,22.47,3
LW,74.38245,776912,80.237144,776912,0.798934,11802067968,3.3228414,86.41,26.097088,48.12,4
LXP,10.674101,1819875,11.066,1819875,0.640845,3200209152,9.684456,12.08,88.69231,8.4,4
LYB,87.76647,2245662,103.31343,2245662,1.573131,35274420224,1.2710128,112.73,9.658737,44.33,3
LYV,69.39741,2445237,86.04657,2445237,1.418201,18324670464,9.845737,94.63,191.0,28.5,1
M,11.09964,20197187,16.307428,20197187,2.1078,5098049024,0.28170684,22.3,16.58586,4.38,0
MAA,127.5413,750137,139.04286,750137,0.670097,16997060608,10.129454,148.91,59.199203,92.12,1
MAS,55.527626,1816212,55.578285,1816212,1.342361,15441377280,2.1482162,60.16,16.185984,32.01,1
MASI,247.3795,435987,244.28429,435987,0.818526,12681474048,11.087686,284.86,52.993073,173.15,4
MATX,58.554173,362737,71.88257,362737,0.997833,2940997376,1.2340021,79.05,15.857142,23.75,4
MAXR,35.382446,3590775,45.17143,3590775,1.313109,2698787840,1.5663307,58.75,7.5430865,8.65,0
MCHP,131.88287,2447725,151.342,2447725,1.721018,41848700928,7.89941,166.67,20.750334,61.62,3
MCK,170.88072,1044025,182.03543,1044025,0.851029,30892724224,0.13000838,194.15,10.312964,121.15,3
MDB,305.08374,1068012,353.35913,1068012,0.830319,16261509120,27.544138,428.965,-279.75787,117.71,1
MDC,50.584675,621675,57.30857,621675,1.479414,4119707904,1.0560075,61.58,7.4108725,19.07,0
MED,202.71892,162050,252.24028,162050,1.503791,2643588352,2.827845,279.46,18.388206,54.75,0
MEDP,135.55785,209475,160.80142,209475,1.382516,5932965888,6.4076095,177.12,31.745697,66.009,0
MGM,29.078417,8724112,37.622284,8724112,2.48754,18646061056,3.7920597,42.04,1884.0,10.0,2
MGNI,25.874245,3774175,50.152287,3774175,2.464247,4727968768,21.332903,64.39,,4.09,2
MHK,136.32065,754337,177.39972,754337,1.546045,13741199360,1.4385382,196.38,15.121329,60.05,0
MKC,92.453415,1311725,86.603714,1311725,0.472914,24071186432,4.2974286,105.535,28.821085,67.0,1
MKL,1029.6935,41612,1115.1038,41612,0.69014,15856543744,1.6288071,1169.5,18.290323,761.06,1
MKTX,529.9868,322375,532.7386,322375,0.441495,19674275840,28.549648,606.45,55.43897,316.15,1
MLM,282.3976,573237,330.52313,573237,0.687973,21254746112,4.795638,353.56,26.473234,151.94,1
MMS,75.18892,364812,84.46429,364812,0.819068,5454523904,1.5198478,88.82,20.884706,54.81,4
MMSI,52.975323,364837,57.682,364837,1.196641,3169914624,3.2887197,61.23,25.524662,28.06,0
MOH,208.81065,334687,222.00658,334687,0.717768,13672364032,0.7440742,246.72,14.775394,127.56,4
MOS,23.76518,6800925,30.753714,6800925,1.796858,11808746496,1.3601882,35.2,12.361111,9.35,0
MPC,41.2936,7263312,54.122856,7263312,2.177681,35871334400,0.5132027,59.93,19.934782,18.27,3
MPW,20.102303,3621125,21.702858,3621125,0.587757,12383000576,9.753043,22.75,16.550388,14.2,4
MPWR,331.25928,512725,356.16943,512725,0.944203,16011601920,18.96094,406.75,51.84195,151.02,1
MRNA,115.52683,6938387,151.98914,6938387,1.473736,53381971968,66.44549,189.26,8.963013,28.27,3
MRTX,201.87346,431550,193.73772,431550,1.476706,8353596928,623.4958,249.42,-21.59424,70.78,0
MRVL,45.133453,11020400,47.721428,11020400,1.16793,31737628672,10.690029,55.7,26.6875,21.29,3
MSCI,398.42203,430287,418.90143,430287,0.921993,35158630400,20.737783,455.81,40.54103,265.29,3
MSI,170.4369,802837,181.18915,802837,0.765438,32047710208,4.3225937,189.73,19.853403,123.56,3
MSTR,421.76007,679000,801.3837,679000,1.495666,5982300672,12.444071,1315.0,95.26717,104.67,0
MTB,125.785034,1210725,151.65172,1210725,1.208559,19956279296,3.8714266,164.72,12.864013,85.09,1
MTD,1107.3809,140150,1125.7928,140150,1.001625,27123955712,8.791701,1271.67,35.448944,611.82,1
MTH,92.094894,404075,86.928856,404075,1.68364,3475120896,0.7720403,117.06,6.4155126,28.94,0
MTN,267.30756,732187,301.92856,732187,1.316901,11532578816,7.2635827,333.95,37.513763,129.52,0
MTSI,49.604965,1162587,63.497715,1162587,2.347237,3995419136,7.141768,69.29,27.190697,17.45,2
MTZ,66.66691,821925,89.41143,821925,1.343986,6688420864,1.0581312,99.38,16.62915,27.09,0
MUSA,129.11792,440700,129.23514,440700,1.007583,4155683840,0.43724248,152.64,19.256311,79.9,4
MXIM,82.724174,2404450,91.35714,2404450,1.244853,24965337088,10.601308,98.44,29.015575,45.32,1
NBIX,100.774536,1567575,102.407715,1567575,0.834777,9287264256,8.879686,136.26,20.812632,82.51,4
NDAQ,133.00389,1269262,143.64714,1269262,0.834236,24838053888,4.414085,150.8,22.00292,90.0,1
NDSN,196.8087,247712,195.13342,247712,0.984832,11825667072,5.4932837,216.87,27.54939,120.91,4
NEO,47.035397,1055887,51.402,1055887,0.706392,5423677440,12.2031765,61.57,125.35135,24.05,4
NEOG,78.38748,245012,83.99743,245012,0.444203,4668834816,10.372699,89.32,64.15441,59.5,4
NGVT,66.80431,330125,72.88143,330125,2.236911,3286659072,2.7026224,79.68,13.382868,31.85,2
NHI,65.93144,345537,71.55315,345537,0.945287,3460793600,10.497273,78.56,20.631435,36.61,4
NJR,34.213814,868825,39.480858,868825,0.540628,3827878400,2.1349766,42.57,17.597345,25.87,4
NLOK,20.631727,4131600,20.908,4131600,1.017876,12574880768,5.044076,24.4,,17.98,1
NLY,7.9930215,16657000,8.567715,16657000,1.270855,12544544768,10.316823,9.02,8.462265,3.83,0
NOVT,121.071365,159175,133.31972,159175,1.043878,4669813760,7.90659,146.16,51.459145,66.89,4
NSIT,73.52324,307137,88.898,307137,1.834777,3393416704,0.40685627,100.09,12.8721695,38.34,0
NSP,81.30878,398962,86.599144,398962,1.56013,3186556928,0.7433063,95.78,17.780384,30.88,0
NSTG,57.85712,702787,70.57514,702787,1.737269,2809576448,23.948792,86.42,-31.51,21.58,0
NTAP,57.597626,1710662,67.82143,1710662,1.273564,16639424512,2.9766412,74.84,16.61111,37.08,1
NTLA,47.179962,1542250,64.197426,1542250,2.035959,4383923712,75.59271,92.0,-20.228127,11.02,0
NTRA,92.30518,868000,108.89,868000,1.510834,8106855424,20.733381,127.19,-26.754286,24.915,0
NTRS,91.075615,1595750,99.63114,1595750,1.093174,22008012800,3.6828563,106.65,14.887482,67.43,1
NUAN,40.64453,3212925,45.34686,3212925,1.176598,12291786752,8.400947,51.62,51.333332,15.52,0
NUE,54.298847,4074587,63.335144,4074587,1.406825,23686037504,1.1760894,79.34,19.341465,32.16,1
NUVA,53.827984,775700,61.873714,775700,1.32611,3467568640,3.3006167,69.28,24.631386,42.98,0
NVAX,145.47597,3084350,230.14258,3084350,1.577464,13451182080,28.282671,331.68,5.429934,12.87,0
NVCR,142.11075,801162,154.448,801162,1.035211,12756438016,25.80363,194.75,270.7826,55.4,1
NVR,4273.7188,32400,4620.883,32400,1.005958,17361358848,2.2956285,4832.8,13.43749,2294.72,1
NVRO,160.43907,433187,160.19629,433187,0.997291,4760508928,13.148833,188.14,-104.95421,82.96,4
NVTA,45.96036,4578600,42.91943,4578600,2.033044,6774765056,24.230375,61.59,-20.264706,10.022,0
NWE,56.201294,375887,60.40143,375887,0.424702,3282272000,2.7382617,65.38,17.524323,47.43,4
O,61.16043,3762512,61.936,3762512,0.72156,23979171840,14.518533,66.8,42.529804,43.41,1
ODFL,203.67654,874075,220.852,874075,1.008125,27567898624,6.8660054,236.98,28.680048,119.01,1
OGS,73.58777,366775,72.78743,366775,0.385698,3992767488,2.6091948,92.0,18.157385,65.51,4
OKE,37.54777,3525137,47.39857,3525137,2.00975,22774282240,2.6660779,51.91,15.699387,18.54,3
OMC,61.268776,2461275,72.094,2461275,0.916576,16240800768,1.2330633,77.94,12.200322,44.5,1
OMCL,107.49964,559600,132.16629,559600,1.004333,6033141248,6.7620344,146.0,35.396465,56.16,4
ON,31.433453,6756187,39.681427,6756187,1.975622,16738843648,3.1853175,42.38,20.42211,10.61,0
ONB,16.345324,1050225,19.069143,1050225,0.985915,3323380224,4.2706814,21.28,14.328571,11.19,4
ORA,83.71525,886037,93.95657,886037,0.403575,4213862912,5.974212,128.87,37.44776,53.44,4
ORLY,458.02295,618337,465.07858,618337,1.042253,35425132544,3.0527081,507.27,19.27501,283.59,3
OSTK,70.11762,1927775,79.711716,1927775,4.373239,2818187264,1.1052655,128.5,34.67725,4.1,2
OVV,15.373813,3556562,24.031713,3556562,4.650555,6317149184,1.1466961,28.69,,2.39,2
OXY,18.023382,19360762,27.371714,19360762,2.479414,25859966976,1.4520729,32.52,-25.703703,8.52,2
PACB,23.522158,3576237,35.889713,3576237,1.141386,5934055424,75.2165,53.69,-40.43421,2.54,0
PANW,308.30734,1443050,355.9837,1443050,1.453954,31089430528,8.218846,403.0,45.22065,158.0,3
PAYC,382.9141,321025,386.1397,321025,1.425243,22426836992,26.653116,471.08,68.494484,163.42,1
PAYX,88.63784,2554525,93.32486,2554525,0.896533,36358819840,9.149865,101.01,32.006348,58.85,3
PCAR,90.00288,1829925,95.16286,1829925,1.062296,32519608320,1.7363702,103.19,13.919763,58.21,3
PCG,11.222014,18804412,11.435429,18804412,1.379739,23955085312,1.297043,13.34,8.810219,7.85,1
PCH,47.76144,605000,52.295715,605000,1.368905,3504558336,3.366757,54.85,29.925714,25.61,0
PCRX,64.04259,423275,72.80143,423275,1.144637,3148083200,7.3271384,80.0,17.128878,30.5,0
PDCE,21.13928,1451562,33.698,1451562,3.471289,3508310272,3.190568,42.79,9.015385,5.11,2
PEAK,29.386332,3715787,30.742285,3715787,0.66143,17276270592,10.50309,33.12,,19.67,1
PEB,18.13885,1679887,23.238571,1679887,2.066088,3315728896,7.486608,26.42,-30.792683,8.38,0
PEG,57.286762,2342587,57.533142,2342587,0.56013,29952014336,3.1190267,62.15,16.84659,41.63,1
PENN,87.483665,9199037,117.68486,9199037,2.750812,16678278144,4.660429,142.0,41.632812,8.69,2
PFG,49.16626,2342462,57.872856,2342462,1.62026,16528587776,1.1212132,61.95,8.942478,25.8,0
PFGC,45.765682,1103462,54.531715,1103462,1.626218,7678530048,0.2879445,59.89,26.095453,19.63,0
PH,258.93396,875162,294.9,875162,1.797399,40994832384,3.035422,321.74,19.849375,113.8,3
PHM,45.26187,3523150,47.616573,3523150,1.407367,13916727296,1.2610207,52.67,7.637155,18.28,0
PKG,128.0341,736037,134.218,736037,0.990249,12873791488,1.9335243,148.14,18.438097,80.17,1
PKI,133.80287,948462,131.78857,948462,1.129469,14517632000,3.8378563,162.7,20.861513,69.6,1
PLUG,33.856045,43369337,47.786858,43369337,1.564463,20066945024,-199.7327,75.49,-189.05554,3.22,1
PNM,47.441296,1363450,48.472286,1363450,0.533586,4214493184,2.7672095,50.25,19.407114,34.24,4
PODD,253.29654,678312,265.43057,678312,0.659263,17630222336,19.493834,298.43,159.76048,155.08,1
POOL,343.7675,438375,336.74313,438375,0.745937,13752821760,3.4935582,401.29,32.527115,176.19,1
POR,41.20554,874637,44.29343,874637,0.315276,4251262464,1.9819406,53.42,17.133574,31.96,4
POWI,74.26252,402700,86.115715,402700,0.995124,4991680512,10.222192,99.05,37.954338,39.375,4
PPBI,31.48036,497912,41.507713,497912,1.36728,4223410432,9.308407,47.15,17.293438,15.59,0
PPG,138.82971,1315950,142.00743,1315950,1.131635,36683980800,2.6517262,154.94,18.720676,78.01,3
PPL,28.044891,7926287,27.95457,7926287,0.783315,22508191744,2.9588788,30.94,11.301159,21.4,1
PRG,50.613846,598362,48.959145,598362,2.013542,3045019136,1.2255596,60.5,,15.572519,0
PRLB,152.52669,487337,152.34543,487337,1.827735,3318661120,7.6397314,286.57,48.088,66.01,0
PRSP,24.022734,1615687,29.04143,1615687,1.417935,4671059456,1.0419495,29.62,15.183247,16.11,0
PRU,76.92662,3171937,87.968575,3171937,1.680931,36370366464,0.63705957,95.49,7.1971836,45.04,3
PSB,133.76813,98350,148.102,98350,0.499458,4338816512,10.439308,159.65,41.97872,106.79,4
PTC,111.678345,792375,135.94571,792375,1.257854,14951742464,9.763734,147.67,35.452877,52.96,1
PTCT,57.908634,662300,57.785,662300,0.988082,3460560640,9.088418,70.82,-13.823033,40.03,4
PWR,69.75978,1269912,82.15514,1269912,1.26273,12057124864,1.0762722,88.97,18.078838,28.71,0
PXD,114.81425,2663812,150.44714,2663812,1.994041,35694551040,5.080352,169.49,14.086325,62.19,3
PZZA,87.68072,461050,93.295715,461050,0.940411,2912616704,1.6063104,110.33,34.271317,47.03,4
QGEN,51.03604,610437,51.007713,610437,0.283856,11220368384,5.999087,59.0,21.408697,39.05,4
QLYS,104.35338,581875,103.20743,581875,0.600758,4129747200,11.377873,148.84,36.07192,81.8,4
QRVO,156.36719,1025537,174.15572,1025537,1.432827,20670496768,5.5411696,191.825,17.649902,72.93,1
QTS,62.57086,548000,62.028572,548000,0.541711,4121443584,7.6703134,72.6,333.78946,52.88,4
QTWO,113.00705,618950,121.90686,618950,1.627302,5707288576,14.170762,148.56,180.08772,51.69,0
RAMP,64.46417,898012,61.571712,898012,1.226435,3546728192,8.256807,87.38,165.625,27.33,0
RARE,121.76381,489900,134.88542,489900,1.971289,7273360896,26.835999,179.647,-25.622643,41.51,0
RCII,40.9541,551750,56.700855,551750,1.66143,3221291008,1.1446596,64.79,9.48718,12.34,0
RCL,73.18216,5102800,84.40886,5102800,2.918743,21525508096,9.745317,99.24,60.83453,22.25,2
RCM,22.210684,1305287,27.277857,1305287,0.804983,6307354624,4.9632945,31.28,43.142857,7.765,4
RDFN,62.58115,2253987,77.55857,2253987,1.95134,6626856960,7.4787374,98.445,194.57574,12.95,0
RDN,19.29705,1559275,21.542572,1559275,1.501625,4362841600,3.0326638,24.04,7.536424,9.53,0
REGI,70.00223,2397087,85.064285,2397087,0.992416,2875508480,1.3454887,117.0,12.148571,16.94,4
REZI,19.775467,1065000,27.65257,1065000,2.580162,4216875008,0.83156675,31.67,15.34375,3.72,2
RF,16.192806,12313350,20.652857,12313350,1.554171,20174153728,4.071474,22.61,11.170213,7.9,1
RGEN,187.49223,543212,204.774,543212,0.842361,10051081216,27.442476,228.84,82.662155,92.0,4
RH,438.12598,961375,489.3197,961375,2.434994,11795681280,4.140832,581.6,25.31436,84.61,2
RHP,60.060432,617500,77.97172,617500,1.842361,4343696384,8.385126,86.58,415.7895,22.01,0
RJF,94.820435,956587,117.69572,956587,1.254062,17019703296,2.1357388,124.02,14.801196,56.56,1
RLI,98.81389,217762,108.435715,217762,0.357529,5140296704,5.225865,117.84,36.831715,66.31,4
RMD,196.69957,650450,192.77943,650450,0.313651,27782031360,8.985845,224.43,34.216846,138.16,1
RNG,330.51956,945512,365.31085,945512,0.629469,26306168832,22.224487,449.0,185.15924,194.99,1
ROCK,76.78964,377737,91.314575,377737,1.143553,2987412224,2.893159,103.02,22.70297,36.39,0
ROG,148.0277,102587,184.94229,102587,1.853196,3581946624,4.4630237,199.5,22.325176,79.82,0
ROK,245.61151,663875,253.65143,663875,1.374322,31774199808,5.116124,274.1,28.55428,140.06,3
ROKU,307.28516,3658575,391.8523,3658575,1.894052,39402438656,22.156267,486.72,557.85455,79.38,3
ROLL,163.6744,119212,192.33829,119212,1.436619,4875322368,7.6833363,206.64,43.875565,103.09,0
RPD,75.246765,941250,80.17514,941250,1.270855,3902036224,9.482792,94.596,264.5,35.36,0
RPM,86.57604,548325,85.765144,548325,0.984832,12276518912,2.1441739,98.35,20.292473,55.85,4
RSG,94.39511,1496587,93.32686,1496587,0.672806,32301176832,3.1812537,103.79,24.825981,71.32,3
RUN,65.44849,6003162,62.97886,6003162,2.190682,11565520896,12.541351,100.93,-178.40625,8.75,2
RXN,38.578705,873800,46.33657,873800,1.442369,5707980288,2.987221,51.54,21.495495,19.3,0
SAFM,137.05719,168925,155.71486,168925,0.627302,3528872960,0.96668345,167.41,19.108826,105.74,4
SAIA,175.65079,163837,211.79314,163837,1.242145,5979211264,3.2810156,229.87,28.891857,62.03,0
SAIL,49.827698,957925,56.568287,957925,1.99323,4630221312,12.676716,64.19,839.1667,13.02,0
SAVE,24.909784,4309887,35.534,4309887,1.725893,3617004288,1.9983206,40.77,24.993244,7.25,0
SBNY,140.61928,1016237,221.19057,1016237,1.969122,12678630400,9.417767,249.94,15.863014,68.98,0
SBRA,16.49892,2797237,17.844,2797237,1.498916,3737119232,6.2169785,18.95,23.335527,8.58,0
SEDG,277.94864,813312,294.0,813312,0.983206,14223626240,9.747076,377.0,44.19071,72.8,1
SEM,26.18331,893200,31.414858,893200,1.438244,4653294080,0.8412031,37.42,12.503623,11.92,0
SF,48.94698,726812,62.167713,726812,1.502708,6791817728,1.8266727,68.94,12.636719,23.26,0
SFIX,52.962013,2114537,67.31214,2114537,2.279428,5179050496,2.8619168,113.759,-95.4902,11.13,2
SFNC,22.426188,722412,29.669428,722412,0.954496,3344211712,4.1138315,33.43,15.166667,13.75,4
SGEN,174.80411,1263000,154.54828,1263000,0.957746,25303175168,11.630776,213.94,310.37778,109.4,1
SHAK,91.78791,623550,120.53343,623550,1.710184,4826676736,9.231174,138.38,205.35715,30.57,0
SHO,10.351871,2133962,12.486,2133962,1.453954,2751372800,10.269918,13.74,-1273.0,6.68,0
SHOO,30.737122,784712,37.134285,784712,1.326652,3196942592,2.6600976,40.49,19.325,17.83,0
SIGI,62.96777,308025,70.79028,308025,0.834236,4466956288,1.5285891,77.84,15.634453,42.14,4
SITE,146.55244,269075,166.11,269075,1.226864,7884384256,2.9152834,181.982,49.380558,60.0,0
SIVB,384.13892,904687,519.84174,904687,2.086132,26555408384,7.0309653,577.06,21.615993,136.63,3
SJM,116.24777,1319062,118.42086,1319062,0.286023,13917835264,1.7025917,131.69,14.907193,101.89,4
SLAB,123.619354,307000,148.6063,307000,1.05092,6316057088,7.1232896,163.43,36.811855,76.64,4
SMTC,66.72791,583212,72.276,583212,1.725893,4437590528,7.4566693,83.94,24.915749,34.62,0
SNA,176.35,541762,207.66486,541762,1.282231,12500529152,3.1709526,229.84,17.475647,94.0,0
SNBR,87.33964,530837,133.16544,530837,2.05092,3573307648,1.924698,151.44,20.708824,15.27,0
SNPS,237.47188,1026812,249.35342,1026812,1.079631,36988542976,9.67977,300.91,33.76217,122.51,3
SONO,24.314173,3262212,38.13457,3262212,1.962698,4530961408,3.2138376,43.71,37.84,7.67,0
SPG,86.655464,3632200,111.904854,3632200,1.56338,37669208064,8.181768,121.92,25.595982,42.25,3
SPLK,176.17029,2536162,149.04686,2536162,1.32936,21863061504,9.806768,225.89,540.76,101.1,1
SPOT,290.3251,1127387,303.52972,1127387,1.63079,49856643072,5.302047,387.44,-284.0326,116.0,3
SPSC,96.61799,191537,104.65,191537,0.833694,3542031360,11.329786,118.06,52.389473,43.12,4
SR,62.264675,378925,69.412,378925,0.271397,3825763840,2.1241262,81.47,16.945082,50.58,4
SSB,69.97331,417700,82.77743,417700,1.074756,5755780096,6.3838487,93.26,13.804089,40.42,4
SSD,96.377556,243050,100.98857,243050,1.254604,4522015232,3.566413,109.85,22.059324,56.32,0
SSNC,66.40036,1369800,67.36943,1369800,1.587757,17561982976,3.7622879,74.0,14.1684,39.91,0
STAA,82.04734,729687,104.316574,729687,0.963163,4667665408,28.555399,128.23,147.41176,28.58,4
STAG,31.47777,1528050,32.605713,1528050,0.917118,5440604672,11.254615,34.7,64.528305,20.64,4
STE,183.83273,688925,181.39828,688925,0.535211,16531052544,5.407644,203.91,27.74785,131.14,1
STMP,217.8962,258262,208.208,258262,0.282773,3635357952,4.796113,325.13,20.985153,117.28,4
STNE,70.1495,2258750,79.37629,2258750,2.457267,19223726080,69.116684,95.12,38.37037,17.72,2
STT,70.944176,2679962,78.576,2679962,1.582881,30214897664,2.601369,87.89,10.831021,47.68,3
SUI,145.63963,691612,149.25543,691612,0.555796,16760258560,12.120024,157.7,72.192314,105.36,1
SUM,21.275324,1792650,27.038286,1792650,1.348862,3303828992,1.4164623,31.0,22.661419,10.37,0
SWAV,98.48316,417112,118.00543,417112,1.216014,3639319808,53.685993,143.785,-174.08333,26.332,0
SWK,176.46014,1552337,183.83456,1552337,1.443661,32511647744,2.236845,202.31,18.025871,88.54,3
SWKS,156.68036,1830175,179.67572,1830175,1.162513,30075729920,7.576514,195.82,16.946976,79.51,3
SWX,64.27518,897525,65.267426,897525,0.154929,3852861440,1.1679326,81.62,15.64186,57.0,4
SXT,71.171005,365150,77.70772,365150,0.974539,3308992768,2.484227,82.0,23.047195,38.24,4
SYF,33.060505,8183375,39.64143,8183375,1.821776,24126003200,4.1226935,43.61,8.198413,12.98,3
SYNA,97.909134,428062,132.88457,428062,1.205308,4785333248,3.7046785,144.45,16.435776,52.05,0
TCBI,57.28741,1240187,79.24457,1240187,1.955037,3917082624,4.9188447,93.26,16.702587,19.94,0
TDG,560.1436,230300,592.9934,230300,1.67118,32071757824,6.75764,626.0,34.680073,260.0,3
TDOC,216.57756,4111350,228.116,4111350,0.117551,27011102720,24.69108,308.0,-188.18085,135.52,1
TDY,364.3003,221387,389.12143,221387,1.073672,14837796864,4.8077884,413.31,30.948263,270.1,1
TECH,315.28546,183337,379.3677,183337,1.112676,15063245824,18.853424,414.99,54.528088,180.16,1
TENB,41.857624,1100837,41.37514,1100837,1.78464,3932560640,8.933151,58.45,85.90909,19.9,0
TER,109.05798,2376437,123.38057,2376437,1.365113,19824564224,6.351037,147.9,22.713741,51.15,1
TFX,379.60352,226762,404.78427,226762,1.207475,19283820544,7.6005654,434.98,28.020353,271.99,1
TGNA,14.903669,2406825,18.678572,2406825,1.258396,4094387712,1.3937013,20.78,6.383561,9.61,0
TGTX,38.747337,1600562,46.817856,1600562,2.132177,6481014272,42638.25,56.74,-57.624996,8.75,0
THC,39.13223,1116937,52.60943,1116937,2.638136,5655998976,0.32063487,57.88,10.891616,11.67,2
TMHC,26.373596,1134487,28.869715,1134487,1.738894,4041365760,0.6593498,31.44,6.138943,7.85,0
TNET,75.194176,251250,81.334854,251250,1.458288,5192148480,1.2870969,87.6,18.004578,32.74,0
TPR,29.700287,3903925,41.604286,3903925,1.514084,11613628416,2.500189,46.42,14.513888,10.18,0
TREX,82.99295,910875,95.27857,910875,1.468039,10587286528,12.019657,107.64,42.110596,33.21,0
TRMB,62.497555,1579850,73.534,1579850,1.526543,18747832320,5.956042,77.69,28.188677,27.79,1
TRNO,57.675755,373550,57.88,373550,0.56338,4080434688,21.834051,64.24,62.368423,44.53,4
TROW,149.5754,1377075,168.09457,1377075,1.173347,40516202496,6.5278172,179.62,14.216282,92.36,3
TRTN,46.491943,566787,56.277714,566787,1.700564,3851657216,2.8311038,61.88,7.4634466,24.31,0
TRU,90.092445,1323362,88.80829,1323362,1.24702,17656911872,6.499636,102.8,24.956873,58.76,1
TRUP,95.63011,495050,95.46314,495050,1.965872,3002771968,5.9812837,126.525,,23.8,0
TSCO,147.68266,1179787,164.576,1179787,1.008125,20739553280,1.9528122,178.58,24.788889,79.22,1
TSN,64.807915,2386812,71.18943,2386812,0.808775,27712413696,0.6470328,78.14,11.834891,52.33,1
TT,142.59367,1285937,157.72,1285937,1.241061,40077529088,3.2178638,169.13,,73.73,3
TTC,92.47533,568400,100.971146,568400,0.776814,11229070336,3.2227502,105.55,27.171875,57.89,4
TTD,728.59296,797675,772.69226,797675,2.577457,31801661440,38.03876,972.8,94.93777,153.5,3
TTEK,118.28539,293912,133.92029,293912,0.875947,7235219968,3.0923445,144.69,34.2982,64.67,4
TTWO,179.51439,1428425,182.208,1428425,0.617551,20074373120,6.094442,214.91,28.202265,112.89,1
TWLO,329.81036,2597762,382.0397,2597762,1.498179,54517161984,30.944435,457.3,1065.9667,79.25,3
TWST,123.49734,1256087,140.122,1256087,0.764504,5623048704,55.62033,214.07,-40.416084,25.72,4
TWTR,52.47633,18033175,68.158,18033175,0.810942,48894853120,13.156691,80.75,50.21311,22.36,3
TXRH,78.21906,794750,92.086,794750,1.091549,6806688256,2.8383398,99.64,29.627272,33.21,4
TXT,44.97223,1091450,52.014286,1091450,1.741603,12412796928,1.0653846,57.04,15.947522,21.92,0
TYL,411.54208,243950,435.76715,243950,0.608342,17021114368,15.242839,479.79,64.2389,275.38,1
UAL,43.178345,18297650,52.145428,18297650,1.66143,18098991104,1.1787034,63.7,20.081274,18.18,0
UBSI,31.09446,653962,37.972,653962,1.385157,5117728256,5.4707737,41.61,17.17749,20.57,0
UDR,38.091797,1961562,43.02086,1961562,0.756229,13285706752,10.544137,46.03,447.59998,29.34,4
UFPI,57.919353,462550,65.083145,462550,1.493499,4525877248,0.8781294,73.44,14.28655,32.54,0
ULTA,274.1172,952300,323.33344,952300,1.770855,17070596096,2.7748256,351.0,25.483599,153.29,0
UMBF,69.85144,313925,87.62114,313925,1.068797,4518546944,3.892296,99.82,17.254145,40.02,4
UNF,206.82762,105850,238.60143,105850,1.070964,4339602944,2.4303143,258.86,29.885714,132.6,4
URI,235.62727,697512,298.9683,697512,2.135427,23858804736,2.7970464,330.79,15.399626,86.0,3
VAC,130.39014,419887,167.172,419887,2.640303,7064135168,3.8308759,190.97,16.910255,45.63,2
VAR,174.35532,747175,176.12057,747175,1.056338,16218732544,5.2014794,176.8,29.581242,92.24,1
VC,112.27439,272050,128.83485,272050,2.113217,3368308480,1.3219421,147.55,20.6964,38.69,0
VCYT,49.377518,1283850,59.881428,1283850,0.689057,3238182656,27.562988,86.03,-439.36365,19.21,4
VEEV,278.9302,989437,278.23572,989437,0.735644,38532694016,26.30094,325.54,66.77165,145.24,3
VFC,79.359924,3555262,79.77543,3555262,0.973992,31425636352,3.5879834,89.68,27.006733,47.8,3
VG,12.3108635,3630225,13.001715,3630225,0.583423,2992075264,2.5241973,15.72,48.04,6.25,4
VIAC,44.192158,62962812,72.552284,62962812,1.846695,29950253056,1.1845068,101.97,,11.92,3
VIAV,14.309065,2176462,16.393143,2176462,0.770855,3721437184,3.3605177,17.13,19.141176,10.2,4
VICI,25.65,3981037,28.014286,3981037,1.130819,14843259904,12.111272,29.87,13.615764,13.34,1
VLY,9.858849,4956512,12.857715,4956512,1.304983,5674511872,4.8797097,14.69,12.38053,6.17,0
VMC,148.93857,834100,165.42686,834100,0.597508,22578055168,4.6487265,175.02,28.822334,88.6,1
VRNS,49.50923,1542212,60.358906,1542212,1.162513,5465184768,18.672327,75.333336,296.44443,17.213333,0
VRNT,34.745686,1141187,48.945427,1141187,0.78169,3157384960,2.4983106,52.7,20.65,17.860418,4
VRSK,188.34726,1243350,177.19115,1243350,0.780606,29079535616,10.442985,210.66,30.072392,133.5,1
VRSN,200.92747,735962,194.82628,735962,0.797399,22582808576,17.851288,221.3,32.468292,171.72,1
VSH,20.140936,1183162,23.892,1183162,1.435536,3561830144,1.4236512,25.26,13.375,12.86,0
VTR,47.893383,2356575,53.49286,2356575,1.340736,20557539328,5.409463,58.1,107.588234,21.48,1
VTRS,16.209568,9336200,15.547143,9336200,1.56013,17333667840,1.4510018,19.24,,13.31,0
W,278.95978,1485075,302.71143,1485075,3.199349,35598716928,2.516672,369.0,67.65354,43.61,2
WAB,71.78878,1769037,76.502,1769037,1.672264,14828336128,1.9624325,84.32,16.773504,42.09,0
WAT,242.3397,384800,275.14316,384800,0.825027,17522536448,7.4079633,299.06,26.455315,171.38,1
WCC,67.7423,455337,84.998,455337,2.532502,4303882752,0.34917125,95.19,11.028277,20.36,2
WD,80.8805,239137,102.249146,239137,1.294691,3236355328,3.1188436,113.79,11.819208,24.55,0
WDC,50.550648,4605350,67.199715,4605350,1.644637,20594204672,1.2613587,72.98,10.117293,33.53,1
WDFC,261.64798,87175,311.78058,87175,-0.166305,4197623552,9.660791,333.42,52.15306,151.16,4
WEC,92.79266,1966675,85.78771,1966675,0.152762,29344917504,4.052214,106.85,21.685314,80.55,1
WELL,62.798203,2151800,69.90343,2151800,1.040086,30631739392,6.6504474,76.0,72.66337,36.08,3
WHR,192.19525,642287,201.86914,642287,1.888949,14003693568,0.7197622,223.31,11.126683,78.76,0
WING,135.6277,652225,136.59372,652225,1.172806,3714859264,14.930446,172.87,74.04141,73.28,0
WK,80.69899,382512,100.81943,382512,1.394366,4436988416,12.619637,114.68,2236.25,29.869,0
WLTW,210.51302,1170500,224.58714,1170500,0.777356,29581017088,3.1630688,232.34,17.310188,153.13,1
WMB,21.297626,9916887,23.312286,9916887,1.499458,29834504192,3.8650737,24.69,20.466665,12.94,3
WMS,80.48871,649562,103.07028,649562,1.430119,6984968192,3.6575513,113.85,27.451256,25.73,0
WPC,68.05964,1402025,69.018,1402025,0.775731,12516829184,10.202446,76.12,31.715555,49.01,4
WRK,42.54878,2682825,47.70657,2682825,1.26273,14119240704,0.8042127,54.0,12.636793,23.22,1
WSC,22.273668,1898337,26.733856,1898337,1.852576,6195984384,4.5304036,28.71,24.666666,8.35,0
WSM,113.41719,3321450,139.01457,3321450,1.585048,13648065536,2.0120428,184.32,17.931795,36.54,0
WST,282.24576,459237,279.07257,459237,0.98754,20700979200,9.642265,312.12,40.624638,143.66,1
WTS,115.773384,175487,119.746,175487,0.87053,4004203264,2.654251,131.51,27.648836,71.01,4
WWW,30.903238,546812,36.41857,546812,1.768689,3269471744,1.8253987,41.8,16.868086,12.19,0
WY,31.460936,4299012,34.65657,4299012,1.916576,26500896768,3.5184407,36.22,29.53333,15.11,3
WYNN,102.09144,2146000,128.94286,2146000,2.532502,14736005120,7.031003,143.88,68.88108,46.21,2
X,14.771008,19748975,19.344572,19748975,2.498916,6114790912,0.6277375,24.71,41.363636,5.46,2
XEL,66.776405,4086275,61.950855,4086275,0.271939,35651506176,3.093138,76.44,20.8522,56.07,1
XLNX,128.0613,2812950,129.46114,2812950,1.019501,30262763520,9.913178,154.93,37.20242,75.0,3
XPO,108.77554,1310337,120.06229,1310337,2.23131,12592555008,0.77483106,131.42,19.776886,43.82,2
XRAY,52.24806,1500125,58.316,1500125,0.864572,13423260672,4.0165353,64.25,19.896105,35.01,1
XYL,95.75115,1159225,100.884575,1159225,1.038461,18894305280,3.87496,108.84,34.01299,56.63,1
YETI,62.682446,1258825,71.286285,1258825,2.66126,6314971648,5.784419,80.89,28.86056,16.41,2
YUMC,57.13662,1829387,60.900856,1829387,0.852434,24980584448,3.0231857,64.64,25.834782,40.05,1
Z,124.805435,3759600,155.43828,3759600,1.418743,30947438592,9.266208,208.11,88.36111,29.42,3
ZBH,150.4064,887425,159.974,887425,1.358613,33531330560,4.773483,170.05,18.714619,88.0,3
ZBRA,371.42352,468150,472.75916,468150,1.654387,25501810688,5.7333207,516.79,27.84355,170.63,3
ZEN,129.12727,1227575,142.372,1227575,1.275731,15384035328,14.942282,166.6,124.41905,56.6,1
ZG,128.30295,766387,161.09486,766387,1.418743,30947401728,9.266197,212.4,95.710144,28.26,3
ZS,173.18097,2020637,197.31857,2020637,0.875313,23079892992,43.05685,230.881,278.32785,57.77,1
